e,hr,t,x
1,-0.20774812996387482,4.618640422821045,0.9458836317062378
1,-0.0915275290608406,2.599207639694214,0.6164073348045349
1,0.3241419494152069,2.6792237758636475,-0.13743333518505096
0,-0.11635351181030273,15.0,0.8941664099693298
1,-0.21039937436580658,2.2183589935302734,-0.9864655137062073
1,0.2572692930698395,0.3717786967754364,-0.029849296435713768
1,-0.11150652915239334,6.645811557769775,0.07700005173683167
1,0.3075163960456848,11.501904487609863,-0.057166654616594315
1,-0.14736369252204895,6.9857916831970215,-0.47033149003982544
1,-0.19191187620162964,0.3907356262207031,0.5521408319473267
1,-0.13906332850456238,6.422550678253174,0.8901035189628601
1,0.26390793919563293,0.8311488032341003,-0.3799648880958557
1,-0.1911960244178772,7.313601970672607,-0.6842181086540222
1,0.15938536822795868,0.223455548286438,-0.5001846551895142
1,-0.04277259483933449,3.221097469329834,-0.7678117156028748
1,-0.16372503340244293,0.031140688806772232,-0.9086228609085083
1,-0.11369641870260239,4.35508394241333,0.8534291386604309
1,0.3206576406955719,0.45867761969566345,0.29971978068351746
1,0.16602672636508942,0.08040042221546173,-0.12872764468193054
1,0.2030685842037201,8.190287590026855,-0.3205612003803253
1,0.03678993508219719,0.6726526021957397,-0.15693286061286926
1,0.35939857363700867,5.161909580230713,0.24418026208877563
1,-0.0065367803908884525,0.47191497683525085,-0.368972510099411
1,-0.1449340581893921,1.5560418367385864,0.8453665375709534
1,0.16347898542881012,5.301904678344727,-0.4991208612918854
1,0.06050202250480652,1.368593692779541,0.1976308673620224
1,0.3419678211212158,5.614670753479004,-0.08040287345647812
1,-0.16139543056488037,0.0953134149312973,-0.19706472754478455
1,0.1909114122390747,2.099137783050537,-0.24514971673488617
1,-0.1891288459300995,6.205154895782471,0.7367963790893555
1,-0.20168904960155487,13.40927791595459,0.9634619951248169
1,0.19693419337272644,1.3550536632537842,0.3535976707935333
1,-0.07384802401065826,4.154462814331055,0.8016563057899475
1,0.25134941935539246,1.61105215549469,-0.30557316541671753
1,0.25636160373687744,0.3832347095012665,-0.3668999969959259
1,-0.19373595714569092,1.4094771146774292,0.6674543619155884
1,0.30537253618240356,0.19910037517547607,-0.01967032067477703
0,-0.10992708802223206,15.0,0.6086236834526062
1,-0.14148442447185516,4.546700954437256,0.7466296553611755
1,-0.20222115516662598,1.685552716255188,0.995307207107544
1,0.03774811699986458,1.7399007081985474,0.6561276912689209
1,-0.1031636893749237,2.014296531677246,-0.005113507620990276
1,0.17074203491210938,6.062234878540039,-0.43839138746261597
1,-0.18170110881328583,0.6562535762786865,0.4982885718345642
1,-0.11752281337976456,1.48503577709198,-0.35164874792099
1,-0.07428552955389023,2.0029470920562744,0.6689759492874146
1,-0.18586839735507965,3.321331739425659,0.6219037175178528
1,-0.18223221600055695,3.9022161960601807,-0.8309741616249084
1,-0.07003525644540787,0.698772668838501,-0.7816644906997681
1,0.05368667095899582,6.635780334472656,0.5995305776596069
1,-0.16983024775981903,4.32146692276001,0.390023797750473
1,0.30279529094696045,2.4828522205352783,-0.31430932879447937
1,-0.008511283434927464,2.4386305809020996,-0.6286177635192871
1,-0.0398811511695385,3.9414706230163574,0.23197944462299347
1,0.1232822984457016,1.355228066444397,0.4708760678768158
1,-0.21150387823581696,0.23809489607810974,-0.9977509379386902
1,0.08763518184423447,1.9947247505187988,0.2156974822282791
1,-0.047540802508592606,0.6823654770851135,-0.2612990438938141
1,0.38139480352401733,0.4165283441543579,-0.16029298305511475
1,0.17696359753608704,10.661110877990723,0.0950394943356514
1,-0.13114383816719055,9.268575668334961,0.788483738899231
0,-0.12379544228315353,15.0,0.9024242758750916
1,-0.16635046899318695,11.226195335388184,0.9443584084510803
1,-0.09502381086349487,1.6055171489715576,0.4708780348300934
1,0.11372513324022293,14.442479133605957,-0.5449068546295166
1,-0.20726510882377625,5.8654046058654785,-0.9896793365478516
0,-0.09388583153486252,15.0,-0.8512194156646729
1,-0.0822361409664154,1.0271611213684082,0.30435410141944885
1,-0.21954940259456635,6.38090705871582,-0.8996709585189819
1,-0.127397820353508,0.4447610378265381,0.7303488254547119
1,0.021493254229426384,8.429224014282227,-0.5705124735832214
1,-0.1968914121389389,1.0001698732376099,-0.600113570690155
1,-0.12260280549526215,2.490145683288574,0.8635173439979553
1,-0.04703483358025551,0.18461120128631592,0.6541944742202759
1,-0.035008370876312256,0.6384320855140686,-0.2900027930736542
1,0.38061755895614624,3.7410941123962402,-0.03742923587560654
1,-0.20389528572559357,12.69448471069336,-0.8804364204406738
1,-0.11787620186805725,13.509020805358887,-0.8176243901252747
1,-0.14363421499729156,4.100809574127197,0.23183031380176544
1,-0.2210407257080078,6.603362560272217,-0.7810937762260437
1,0.06423486769199371,7.388176918029785,0.6217790842056274
1,-0.21163588762283325,4.272332668304443,0.7488757371902466
1,0.3435969948768616,2.1713149547576904,0.25168830156326294
1,0.3550228476524353,0.1522878259420395,-0.20940153300762177
1,0.1862497180700302,0.77242511510849,-0.42169350385665894
0,-0.11765267699956894,15.0,-0.19980858266353607
1,0.08547297865152359,5.747350692749023,0.3768824338912964
1,0.11596791446208954,4.769738674163818,0.17534999549388885
1,-0.1459791511297226,3.3757779598236084,0.30305761098861694
1,0.11385837942361832,0.6590063571929932,0.5154792070388794
1,-0.21596002578735352,1.853759765625,-0.7794930934906006
1,0.42666372656822205,4.712459087371826,-0.09072118252515793
1,0.26563236117362976,2.2016005516052246,-0.015008009970188141
1,-0.02592490054666996,0.2781536877155304,0.7445074319839478
1,0.28092533349990845,3.032569169998169,0.049932871013879776
1,-0.22293925285339355,2.6077327728271484,-0.8527512550354004
1,0.048706427216529846,9.804567337036133,-0.44380584359169006
1,-0.01958172768354416,3.632066488265991,0.25470906496047974
1,-0.1569383442401886,3.1174230575561523,0.9617639183998108
1,0.016452109441161156,2.1530954837799072,0.44357383251190186
1,0.21013608574867249,3.972360134124756,0.10318683832883835
1,0.41931164264678955,2.5185580253601074,0.06369757652282715
1,0.42264997959136963,2.0030462741851807,0.055626604706048965
1,-0.11120909452438354,1.9833130836486816,-0.6857782006263733
1,-0.11289937049150467,0.4763964116573334,-0.8785862922668457
1,0.34542176127433777,5.557285785675049,-0.13630661368370056
1,0.12193778157234192,1.296405553817749,-0.40319985151290894
1,-0.16833865642547607,6.706964015960693,0.67378169298172
1,0.04870391637086868,6.007461071014404,-0.5143430233001709
1,0.294259250164032,0.7832437753677368,-0.33128494024276733
1,0.3274959921836853,2.5873055458068848,-0.287060409784317
1,-0.1580086201429367,2.102382183074951,0.42847463488578796
1,0.2498118132352829,11.339615821838379,-0.3661665618419647
1,-0.015889795497059822,3.9750969409942627,0.4864009916782379
1,0.002045168774202466,0.32036882638931274,0.23581330478191376
1,0.10250518471002579,0.5806106925010681,-0.4159475564956665
1,-0.1280706822872162,4.361893177032471,-0.07796794921159744
1,-0.11836880445480347,1.7618014812469482,-0.31011301279067993
1,-0.040119096636772156,0.7533272504806519,-0.7552917003631592
1,-0.11953123658895493,1.5313026905059814,-0.8774638772010803
1,-0.14833992719650269,12.4404296875,0.38863977789878845
1,-0.19615349173545837,3.9227218627929688,-0.9836050868034363
1,0.15593163669109344,5.141162872314453,-0.49576860666275024
1,-0.2007000744342804,1.7747217416763306,0.9801666140556335
1,0.329118549823761,0.9111100435256958,0.0712088868021965
1,0.268523633480072,0.9621731638908386,-0.06869316846132278
1,0.10843750834465027,3.076183557510376,0.456758052110672
1,-0.07554765045642853,4.653957366943359,-0.447102427482605
1,-0.016884300857782364,12.579176902770996,0.3717268407344818
1,0.08815741539001465,2.755544900894165,-0.3293069005012512
1,0.18886548280715942,11.49057674407959,-0.4680165946483612
1,0.06245102733373642,8.845427513122559,0.6214281916618347
1,-0.08296801894903183,0.22751054167747498,-0.08985380083322525
1,-0.15176193416118622,5.093744277954102,-0.9702920913696289
1,-0.07615920156240463,8.585760116577148,0.22526153922080994
1,-0.05162057280540466,11.126124382019043,0.5273240804672241
1,-0.16184686124324799,4.803847312927246,0.35328009724617004
1,-0.1889674812555313,7.096378803253174,0.8282518982887268
1,-0.20076429843902588,1.7012715339660645,0.6738431453704834
1,0.17401817440986633,0.1570943146944046,-0.14532166719436646
1,0.1689140796661377,0.31339192390441895,0.27189919352531433
1,0.10998028516769409,11.236084938049316,-0.34632667899131775
1,-0.0153333880007267,0.7426565289497375,-0.0550471730530262
1,0.1563825011253357,2.1279618740081787,0.3456878066062927
1,0.4056217670440674,2.670536756515503,0.15202447772026062
1,-0.019441435113549232,2.0181171894073486,-0.6855770945549011
1,-0.17573514580726624,13.415696144104004,-0.3852880597114563
1,-0.07890603691339493,9.4445161819458,-0.10858246684074402
1,-0.17223945260047913,12.694999694824219,-0.31984907388687134
1,0.12682104110717773,1.7382211685180664,0.5451198816299438
1,-0.0822506695985794,2.6219749450683594,-0.14446434378623962
1,-0.04879780858755112,2.766960382461548,0.3841390907764435
1,-0.10883747786283493,3.828136920928955,0.8358890414237976
0,-0.05354111269116402,15.0,0.5217928290367126
1,-0.19527019560337067,4.848165988922119,0.9936108589172363
1,-0.004778089467436075,11.895893096923828,-0.22224834561347961
1,0.14059363305568695,4.734217166900635,-0.2108592838048935
1,-0.0201579537242651,3.4912302494049072,0.6749037504196167
1,0.15091027319431305,6.19978666305542,0.2543345093727112
1,-0.1613338738679886,5.573947906494141,-0.5391485691070557
1,-0.1628705859184265,13.07623291015625,-0.8398392796516418
1,-0.13190485537052155,1.996468186378479,0.25880178809165955
1,-0.08552965521812439,0.5435662865638733,-0.8066518306732178
1,0.024909839034080505,1.4558520317077637,-0.6722608804702759
1,-0.19673462212085724,0.40452271699905396,0.9565441012382507
1,0.17612949013710022,1.2530041933059692,0.46832892298698425
1,-0.08215269446372986,0.8295290470123291,0.5576145648956299
1,-0.15617556869983673,0.33931034803390503,0.2043425291776657
1,-0.164981871843338,1.009377360343933,-0.944624125957489
1,-0.05147925019264221,1.388323187828064,-0.2873087525367737
1,-0.17844964563846588,6.578213691711426,-0.42030471563339233
1,0.22108832001686096,14.484373092651367,-0.3031495213508606
1,0.25745150446891785,3.4623236656188965,0.30401697754859924
1,0.25476890802383423,10.64877700805664,0.07537488639354706
1,0.3117941915988922,1.3017116785049438,0.20846621692180634
1,-0.2053828239440918,3.1528334617614746,-0.8621257543563843
1,0.10910169035196304,9.262848854064941,-0.46676310896873474
1,-0.22202280163764954,5.083022117614746,0.8197903633117676
1,0.1646927148103714,3.1730973720550537,0.23930303752422333
1,0.2717854678630829,7.584919452667236,-0.3512569069862366
1,-0.22594791650772095,8.629037857055664,-0.7825726270675659
1,-0.08369624614715576,0.21126966178417206,-0.6378903985023499
1,-0.09995850175619125,5.222278118133545,-0.4131443202495575
1,-0.0022091944701969624,0.6465021967887878,0.6538140773773193
1,0.41807347536087036,6.271010875701904,-0.0832444280385971
1,-0.09551366418600082,2.197483777999878,0.44157344102859497
1,0.1580028235912323,0.6001917123794556,0.48719149827957153
0,-0.1754869967699051,15.0,-0.5809524655342102
1,-0.1965109407901764,11.810830116271973,-0.6834177374839783
1,-0.13471460342407227,0.23153047263622284,-0.26781776547431946
1,0.2784363925457001,8.06216812133789,-0.3184281587600708
1,0.3444092571735382,1.5632039308547974,0.07090160995721817
1,0.08865919709205627,10.325743675231934,0.38503602147102356
1,-0.10461152344942093,2.541870355606079,0.7845756411552429
1,-0.1414518654346466,0.8062573671340942,-0.9082242250442505
1,-0.08482494950294495,3.1765658855438232,-0.49060705304145813
1,-0.15654872357845306,2.4892773628234863,-0.8426140546798706
1,0.22788120806217194,0.9729525446891785,0.3846281170845032
1,0.17780287563800812,0.0021588269155472517,0.2937096357345581
1,0.38885486125946045,8.425525665283203,0.1568787544965744
1,0.2316984087228775,0.9614213109016418,0.1318812370300293
1,-0.10672354698181152,4.532479286193848,0.41447409987449646
1,0.0775270089507103,1.1952600479125977,-0.5427670478820801
1,-0.030066335573792458,11.833247184753418,0.16175131499767303
1,-0.04038809984922409,5.048098087310791,0.6745942234992981
1,0.27056804299354553,0.9969660043716431,0.023037636652588844
1,-0.04481722414493561,1.2752232551574707,0.15096384286880493
1,-0.1930883228778839,3.793485641479492,0.7876757383346558
1,-0.1269010305404663,1.0908024311065674,0.05308079719543457
1,-0.21662093698978424,4.237458229064941,0.905827522277832
1,-0.14395955204963684,2.646636724472046,0.9233751893043518
1,-0.14920128881931305,13.609275817871094,-0.8828201293945312
1,0.11959268897771835,7.429377555847168,-0.2288224697113037
1,0.39092016220092773,7.993426322937012,-0.1344202756881714
1,0.12997403740882874,0.7416752576828003,-0.04596816375851631
1,0.10907650738954544,2.6527111530303955,-0.20278872549533844
1,0.4180135726928711,0.6748286485671997,-0.01505922432988882
1,0.31530526280403137,12.628718376159668,-0.3122555613517761
1,0.10579168796539307,7.631953716278076,-0.39914825558662415
1,-0.1859242171049118,5.688882350921631,-0.5089326500892639
1,-0.24123390018939972,11.934453010559082,0.9999417066574097
1,0.38257771730422974,8.303537368774414,-0.20203758776187897
1,-0.1315261721611023,0.6018357872962952,-0.7924649715423584
1,0.12955747544765472,9.809469223022461,0.21070438623428345
1,-0.21805839240550995,3.532986879348755,-0.7942590117454529
1,-0.04303694888949394,1.0944029092788696,-0.11497388780117035
1,0.19670303165912628,13.99248218536377,-0.43688255548477173
1,-0.08424193412065506,0.3801177740097046,0.8344182372093201
1,-0.021192431449890137,1.3327518701553345,-0.09695930778980255
1,-0.12464012950658798,0.14978528022766113,0.701004147529602
1,-0.11487630754709244,0.704018771648407,0.34525948762893677
1,0.07124479860067368,14.247567176818848,-0.5581978559494019
1,0.06891026347875595,4.549266815185547,-0.4772104322910309
1,0.03102581761777401,2.11574125289917,0.5959174036979675
1,-0.11257918179035187,8.909331321716309,0.16338613629341125
1,-0.08688021451234818,2.7405850887298584,-0.536298930644989
1,-0.20679618418216705,0.3587580621242523,0.7366346716880798
1,-0.17730556428432465,1.5336849689483643,0.32378944754600525
1,0.13469208776950836,2.148789405822754,0.02418685518205166
0,0.08831988275051117,15.0,0.40413346886634827
1,0.061265625059604645,4.8773345947265625,-0.6258461475372314
1,0.11919029802083969,1.3439698219299316,-0.4452599287033081
1,0.19655567407608032,4.0192131996154785,-0.3005431294441223
1,0.35075026750564575,4.1922526359558105,-0.06924281269311905
1,0.04605184122920036,9.324110984802246,-0.5058912038803101
1,0.26755285263061523,7.291468143463135,0.24290376901626587
1,-0.07251590490341187,12.172270774841309,-0.7706941962242126
1,-0.1914152354001999,3.3284189701080322,-0.9861111640930176
1,-0.17316372692584991,3.2216975688934326,-0.43871742486953735
1,0.3914226293563843,0.25013467669487,0.174400195479393
1,0.2630116045475006,2.3945488929748535,-0.37742501497268677
1,-0.15450796484947205,3.883167266845703,0.14836566150188446
1,-0.07210047543048859,12.583818435668945,0.7372326850891113
1,-0.1535918414592743,7.017258644104004,-0.35992008447647095
1,0.26837098598480225,2.2448880672454834,0.01813364587724209
1,-0.10580866038799286,5.373884201049805,0.2374752312898636
1,-0.22554387152194977,4.177978038787842,0.7703737020492554
1,-0.21010836958885193,1.780116319656372,-0.8606834411621094
1,-0.18818293511867523,0.8649610877037048,-0.8193896412849426
1,-0.10861372202634811,3.1967642307281494,-0.6365197896957397
1,-0.13539214432239532,4.482031345367432,0.05813411995768547
1,0.411804735660553,2.099614381790161,0.13385586440563202
1,0.06657978147268295,4.721400260925293,-0.4260376989841461
1,-0.12479199469089508,1.628647804260254,-0.3829808831214905
1,-0.10830769687891006,1.2886468172073364,-0.5653385519981384
1,0.3607676029205322,0.6982467770576477,-0.2440132200717926
1,-0.01837598904967308,1.77736234664917,0.633753776550293
1,-0.181976780295372,1.5862228870391846,0.9285644292831421
0,0.22715790569782257,15.0,-0.004219492897391319
1,0.05237925797700882,6.253663539886475,0.06594707816839218
1,-0.023375578224658966,4.817636489868164,0.5628412961959839
1,0.37514621019363403,0.846606433391571,-0.21336771547794342
0,-0.18593233823776245,15.0,-0.7220032215118408
1,-0.089485764503479,2.1268112659454346,-0.012574478052556515
1,-0.00035934781772084534,6.675869941711426,0.6523745059967041
1,0.2388995736837387,1.504756212234497,0.4119986295700073
1,-0.1894899308681488,3.1128182411193848,-0.5618531703948975
1,-0.15424410998821259,6.284546852111816,-0.5731411576271057
1,-0.14024518430233002,3.4437096118927,0.6166355609893799
1,0.3174402117729187,0.24547551572322845,-0.10651613771915436
1,-0.15909667313098907,3.8368122577667236,-0.9854735136032104
1,-0.17913973331451416,3.945383310317993,-0.9589638710021973
1,0.023255815729498863,2.7405829429626465,0.5757485628128052
0,0.10991468280553818,15.0,0.5573506951332092
1,0.0015325449639931321,4.588011264801025,-0.32203778624534607
1,-0.10344398766756058,9.479503631591797,0.592943549156189
1,0.420099139213562,6.575753211975098,-0.11171963810920715
1,0.08073143661022186,1.667303442955017,-0.241572305560112
1,-0.17415475845336914,3.911086320877075,0.49622759222984314
1,-0.007573570590466261,3.231111764907837,-0.6251819729804993
1,-0.048733048141002655,4.533445835113525,0.6249492168426514
1,-0.07947611063718796,2.3468470573425293,0.10844852775335312
1,0.33252039551734924,9.816254615783691,-0.183295339345932
1,0.11230495572090149,1.3397629261016846,-0.5423439741134644
1,-0.21300126612186432,2.9457545280456543,0.9422751069068909
1,-0.11057322472333908,0.5017337799072266,0.47822943329811096
1,0.4030970633029938,5.536451816558838,0.14590075612068176
1,-0.028370102867484093,10.962786674499512,0.6077036261558533
1,-0.1513996720314026,6.2973246574401855,0.9574515223503113
1,-0.14650176465511322,2.8883779048919678,-0.7852890491485596
1,-0.1798015981912613,3.179835557937622,0.4735792577266693
1,0.051536791026592255,12.862451553344727,-0.35364556312561035
1,0.12299869954586029,10.746235847473145,0.13956472277641296
1,-0.19469520449638367,10.041519165039062,0.8093471527099609
1,0.21596091985702515,3.106508493423462,-0.007516935933381319
1,0.31016793847084045,1.5188158750534058,-0.2835594117641449
1,-0.059780851006507874,0.25979912281036377,0.40223151445388794
1,0.28036969900131226,3.010882616043091,-0.1495048701763153
1,-0.04865528270602226,2.5559241771698,0.3100106120109558
1,-0.20089693367481232,0.7635740637779236,-0.8644865155220032
1,-0.010205524042248726,2.2261602878570557,0.22205865383148193
1,0.09937354922294617,1.5351577997207642,-0.3486831784248352
1,-0.06005346029996872,0.722929060459137,-0.027106063440442085
1,-0.10962437838315964,0.6976999640464783,0.5793171525001526
1,0.06074092537164688,6.452098846435547,-0.44909608364105225
1,-0.141426682472229,3.817739963531494,-0.850908100605011
1,-0.061731819063425064,3.8813421726226807,-0.7188980579376221
1,-0.14203810691833496,0.2975452244281769,-0.9187867045402527
1,-0.17041802406311035,10.957793235778809,0.9484178423881531
0,-0.14263230562210083,15.0,0.7963705062866211
1,-0.150146946310997,11.019611358642578,0.35445237159729004
1,0.3826667368412018,8.137129783630371,-0.08377121388912201
1,-0.23193281888961792,2.83015775680542,-0.8734906911849976
1,-0.17468759417533875,2.057705879211426,0.45693764090538025
1,-0.17497248947620392,6.8605756759643555,-0.6144653558731079
1,-0.17649219930171967,2.003817558288574,0.5932080745697021
1,-0.12215149402618408,4.230993747711182,-0.8024289608001709
0,-0.1853434443473816,15.0,0.4297069311141968
1,-0.08989811688661575,3.2573680877685547,-0.2584141790866852
1,0.29269149899482727,6.670989990234375,0.24487929046154022
1,-0.17217420041561127,4.865418434143066,-0.9718160629272461
1,-0.15635284781455994,8.252232551574707,-0.6996890902519226
1,0.38581448793411255,5.340590953826904,0.1901213377714157
1,-0.06860227882862091,4.042319297790527,0.09555944055318832
1,-0.15193185210227966,0.7938104867935181,0.9731140732765198
1,-0.18142902851104736,9.294622421264648,0.5213360786437988
1,-0.22423623502254486,0.5034855008125305,-0.8370325565338135
1,-0.14958526194095612,6.143455982208252,-0.5496219992637634
1,-0.22706125676631927,0.6439114212989807,-0.9767287969589233
1,0.04624035954475403,1.5518689155578613,-0.29299041628837585
1,-0.18622061610221863,5.882368087768555,-0.9755373001098633
1,-0.16186578571796417,5.0734453201293945,-0.30724942684173584
1,-0.12484510987997055,0.8691856861114502,-0.45256954431533813
1,-0.15270638465881348,3.1370387077331543,-0.8860565423965454
1,-0.16557542979717255,5.067521572113037,-0.8152285218238831
1,0.25840145349502563,5.183573246002197,0.3533713221549988
1,0.07022435963153839,3.0038154125213623,-0.5594211220741272
1,-0.06881146878004074,5.19576358795166,-0.7521214485168457
1,-0.11573657393455505,3.671304941177368,-0.8584356307983398
1,-0.2111547440290451,1.5129637718200684,-0.7844470143318176
1,-0.15554916858673096,0.29830965399742126,0.7160729169845581
1,0.1890678107738495,2.9730336666107178,0.15525706112384796
1,-0.191917285323143,0.5238292813301086,-0.6854128837585449
1,-0.18130972981452942,0.8067173361778259,0.6382536292076111
1,-0.18592001497745514,1.0338066816329956,0.9053900837898254
1,-0.1665370911359787,2.898638963699341,0.931628406047821
1,0.03889045864343643,1.2773231267929077,-0.3433462977409363
1,0.03229758143424988,1.0241953134536743,-0.6404945254325867
1,0.40832799673080444,1.9187613725662231,-0.021911166608333588
1,0.1400160938501358,6.6923441886901855,0.33141329884529114
1,-0.20723411440849304,14.9791841506958,-0.7466387748718262
1,-0.027059178799390793,6.508504390716553,-0.7369933724403381
1,0.07185345143079758,0.9061555862426758,-0.3733428418636322
1,0.19807782769203186,1.565840721130371,0.4582230746746063
1,0.16702057421207428,5.857471942901611,-0.006894942373037338
1,-0.1906045377254486,1.0441299676895142,-0.5403794050216675
1,-0.13059018552303314,1.8623908758163452,-0.9220445156097412
1,-0.14521172642707825,0.1306208372116089,0.6919267177581787
1,-0.10034580528736115,11.750069618225098,-0.7046651840209961
1,0.07880458980798721,2.0199973583221436,0.5081828832626343
1,0.009654879570007324,7.150458335876465,0.5922591686248779
1,0.2015608549118042,2.7730891704559326,-0.4457690417766571
1,-0.0814656987786293,2.5301406383514404,-0.13253411650657654
1,0.025655776262283325,2.9013352394104004,0.6350802183151245
1,-0.08945103734731674,0.4705033302307129,0.7391964793205261
1,-0.1776019036769867,1.030949354171753,-0.8920941352844238
1,0.3213980793952942,1.3413928747177124,0.25051349401474
1,-0.09030845016241074,5.0895185470581055,-0.06579568982124329
1,-0.19391684234142303,5.873644828796387,-0.8488856554031372
1,-0.2185916155576706,3.5691232681274414,-0.8538868427276611
1,-0.005443916656076908,1.1568303108215332,0.0383661687374115
1,0.24665376543998718,8.305120468139648,-0.10166380554437637
1,0.277902215719223,5.458057880401611,-0.07612626999616623
1,-0.2201979011297226,0.9638127684593201,0.9326846599578857
1,-0.1594761461019516,6.648380279541016,-0.2447301745414734
1,0.3279288411140442,4.7565107345581055,0.08399489521980286
1,-0.2085815817117691,8.281258583068848,0.743044912815094
1,0.12196984887123108,0.6955568790435791,-0.3303956985473633
1,0.11969135701656342,0.2461421936750412,-0.2872288227081299
1,-0.0376264788210392,3.775954246520996,0.7495478987693787
1,0.2935201823711395,0.536516547203064,-0.11433311551809311
1,0.20529524981975555,6.505035400390625,0.05816362425684929
1,0.01440141350030899,3.0747227668762207,0.6853896379470825
1,-0.0935898944735527,1.699106216430664,0.8193531632423401
1,-0.1597897708415985,5.4496636390686035,0.9871829748153687
1,0.24684903025627136,0.8250361084938049,-0.051320381462574005
1,-0.2106749564409256,3.120527982711792,0.8462969064712524
1,0.1545882672071457,7.29530668258667,-0.5108049511909485
0,-0.030691731721162796,15.0,0.45114707946777344
1,-0.004637435544282198,3.1697192192077637,-0.5251584053039551
1,-0.23128606379032135,3.694523811340332,-0.9024763703346252
1,-0.21481622755527496,2.719386100769043,0.9356740713119507
1,-0.12820599973201752,1.6778843402862549,-0.40825825929641724
1,-0.20714594423770905,0.5941716432571411,0.6991137266159058
1,0.42748934030532837,0.8350629210472107,0.08449306339025497
1,0.348637193441391,4.922898292541504,0.2438788264989853
1,0.02771035023033619,12.01186752319336,-0.2686399519443512
1,0.39615127444267273,0.8203705549240112,-0.0211349967867136
1,0.016723884269595146,1.403304100036621,0.644647479057312
1,-0.06881850212812424,6.293476581573486,0.09682103991508484
1,-0.22666840255260468,6.3407697677612305,-0.8525311350822449
1,0.18488743901252747,0.5887411236763,-0.10467839241027832
0,0.11579588800668716,15.0,0.5286235809326172
1,-0.17582711577415466,2.2601823806762695,0.5324656367301941
1,-0.05486037954688072,12.177898406982422,-0.29106178879737854
1,-0.20420952141284943,3.844475746154785,0.9009675979614258
1,-0.04620254412293434,1.4637045860290527,0.33534491062164307
1,0.188984677195549,0.6666667461395264,0.38711637258529663
1,-0.04986732825636864,2.306255578994751,-0.7481262683868408
1,0.09947801381349564,5.44533109664917,0.5797684192657471
0,0.30583152174949646,15.0,0.1554042398929596
0,0.023270422592759132,15.0,0.4417615830898285
1,0.12243857234716415,7.740067958831787,-0.5433607697486877
1,0.013981727883219719,1.345319390296936,0.6288170218467712
1,-0.18081633746623993,2.6209158897399902,0.89617919921875
1,0.146678164601326,3.806173086166382,0.31445345282554626
1,-0.16163432598114014,0.43403053283691406,0.9580193161964417
1,-0.1797814667224884,4.440556526184082,0.9789804220199585
1,-0.11986322700977325,1.4132344722747803,0.8614597320556641
1,0.34042829275131226,2.2374322414398193,0.2722826898097992
1,0.12199234217405319,1.6155797243118286,0.5286608934402466
1,0.3027816712856293,7.438930988311768,0.28981927037239075
1,0.0013540819054469466,5.788580894470215,0.653562605381012
1,-0.017324762418866158,4.774555683135986,-0.5693423748016357
1,-0.22598488628864288,11.474331855773926,0.8003917336463928
0,-0.14307759702205658,15.0,0.7485679984092712
1,-0.07682007551193237,3.982999801635742,-0.7037860155105591
1,-0.08859860152006149,3.6683011054992676,-0.532636821269989
1,0.04791395366191864,9.502245903015137,0.13278363645076752
1,0.07418128103017807,2.6873879432678223,0.20068983733654022
1,-0.11922669410705566,11.310381889343262,-0.8390817046165466
1,-0.2057051658630371,0.7073081135749817,0.9386558532714844
1,0.1454669088125229,0.05469221621751785,-0.08941058069467545
1,-0.09026776254177094,4.043596267700195,0.004857894964516163
1,-0.15742531418800354,14.165115356445312,-0.13725747168064117
0,-0.2359621822834015,15.0,0.9827984571456909
1,0.4263482689857483,0.15728406608104706,0.009625964798033237
1,-0.09905777871608734,3.227945566177368,-0.28964173793792725
1,0.3222680687904358,1.6224621534347534,-0.29681074619293213
0,0.25688469409942627,15.0,-0.3671659827232361
1,0.007792727556079626,4.30607271194458,0.6375672817230225
1,-0.028790581971406937,2.0671799182891846,0.7480795383453369
1,0.07333378493785858,0.12023190408945084,-0.5914749503135681
1,0.29933956265449524,0.6433889269828796,0.29476258158683777
1,-0.23404374718666077,8.272934913635254,0.9759735465049744
1,-0.17908361554145813,5.26240873336792,-0.8955588936805725
1,0.12326385825872421,2.600804567337036,0.5344821810722351
1,0.08401678502559662,3.146888017654419,-0.5726701021194458
1,-0.1348762810230255,7.787793159484863,0.4514785408973694
1,-0.13540011644363403,13.744590759277344,-0.32858648896217346
1,0.22076839208602905,2.5259463787078857,0.43439817428588867
1,-0.19803786277770996,13.461808204650879,0.9374885559082031
1,-0.11661556363105774,1.2766525745391846,-0.8538098931312561
0,0.0655565932393074,15.0,0.3242975175380707
1,-0.14455945789813995,0.06489942222833633,-0.9567668437957764
1,-0.14097031950950623,1.9779207706451416,-0.893028974533081
1,-0.06125259026885033,0.19838842749595642,0.5624852180480957
1,-0.00124689273070544,1.4041916131973267,0.6955351829528809
1,-0.2096804976463318,8.5120267868042,-0.8312490582466125
1,-0.05531372129917145,4.057531833648682,-0.7816504836082458
1,-0.17843009531497955,8.258176803588867,-0.6111618876457214
1,-0.21476878225803375,1.3466280698776245,0.7246633768081665
0,-0.20193998515605927,15.0,-0.6420947313308716
1,-0.20286588370800018,5.4005513191223145,0.682517409324646
1,-0.14700725674629211,12.224206924438477,-0.8845680356025696
1,-0.07730242609977722,3.7518510818481445,0.3690643906593323
1,-0.0821571946144104,0.17167657613754272,0.31608569622039795
1,-0.17974895238876343,3.5036418437957764,-0.9828792214393616
1,-0.17261484265327454,6.273276329040527,0.32323330640792847
1,0.15639325976371765,0.9280773401260376,0.2506691813468933
1,-0.19342772662639618,2.0445563793182373,0.5862414240837097
1,-0.08875372260808945,1.8803932666778564,-0.8286016583442688
1,0.05387480556964874,6.688452243804932,-0.21742558479309082
1,-0.06524261087179184,9.933268547058105,0.47368526458740234
1,0.3287528455257416,3.224024534225464,0.02265593782067299
1,-0.08631259948015213,3.341001272201538,0.09248596429824829
1,-0.1763116717338562,5.520664215087891,-0.3177345097064972
1,0.04330962896347046,2.5225348472595215,0.41384533047676086
1,-0.19760139286518097,4.864097595214844,0.697648823261261
1,-0.08194810152053833,3.5901389122009277,-0.35071730613708496
1,-0.19747304916381836,0.448021799325943,0.9992741942405701
1,-0.11476210504770279,0.8614044189453125,-0.47435063123703003
1,0.3753049075603485,12.19913101196289,0.09000793099403381
1,0.14675065875053406,5.565864086151123,0.38959842920303345
1,-0.053613271564245224,0.5792206525802612,0.6933946013450623
1,-0.000998838571831584,1.2601261138916016,-0.4134098291397095
1,-0.08021397888660431,1.5731087923049927,0.5654559135437012
1,-0.16110482811927795,7.214155673980713,-0.9989663362503052
1,0.01373787596821785,12.483606338500977,0.6862415671348572
1,0.26004621386528015,2.636084794998169,0.3779636323451996
